,TAG,Count
0,GCCTCTGGTT,2
1,CCTCTGGTTG,2
2,CTCTGGTTGC,2
3,TCTGGTTGCG,2
4,CTGGTTGCGG,2
5,TGGTTGCGGA,2
6,GGTTGCGGAA,2
7,GTTGCGGAAT,2
8,TTGCGGAATA,2
9,TGCGGAATAC,2
10,GCGGAATACA,2
11,CGGAATACAA,1
12,GGAATACAAA,1
13,GAATACAAAT,1
14,AATACAAATT,1
15,ATACAAATTA,1
16,TACAAATTAT,1
17,ACAAATTATG,1
18,CAAATTATGC,1
19,AAATTATGCT,2
20,AATTATGCTT,2
21,ATTATGCTTC,2
22,TTATGCTTCC,28
23,TATGCTTCCG,27
24,ATGCTTCCGC,6
25,TGCTTCCGCC,25
26,GCTTCCGCCT,22
27,CTTCCGCCTT,22
28,TTCCGCCTTA,22
29,TCCGCCTTAT,23
30,CCGCCTTATG,23
31,CGCCTTATGC,23
32,GCCTTATGCT,26
33,CCTTATGCTT,26
34,CTTATGCTTC,26
35,ATGCTTCCGT,21
36,TGCTTCCGTA,7
37,GCTTCCGTAG,2
38,CTTCCGTAGA,2
39,TTCCGTAGAA,2
40,TCCGTAGAAA,2
41,CCGTAGAAAC,2
42,CGTAGAAACC,2
43,GTAGAAACCG,2
44,TAGAAACCGT,2
45,AGAAACCGTA,3
46,GAAACCGTAA,10
47,AAACCGTAAC,10
48,AACCGTAACC,10
49,ACCGTAACCC,10
50,CCGTAACCCT,10
51,CGTAACCCTA,10
52,GTAACCCTAC,9
53,TAACCCTACA,9
54,AACCCTACAA,9
55,ACCCTACAAG,9
56,CCCTACAAGG,9
57,CCTACAAGGC,9
58,CTACAAGGCT,3
59,TACAAGGCTG,3
60,ACAAGGCTGC,3
61,CAAGGCTGCT,3
62,AAGGCTGCTT,3
63,AGGCTGCTTG,3
64,GGCTGCTTGA,3
65,GCTGCTTGAT,3
66,CTGCTTGATG,8
67,TGCTTGATGA,8
68,GCTTGATGAT,8
69,CTTGATGATT,8
70,TTGATGATTG,12
71,TGATGATTGC,11
72,GATGATTGCG,11
73,ATGATTGCGG,12
74,TGATTGCGGA,10
75,GATTGCGGAG,3
76,ATTGCGGAGG,3
77,TTGCGGAGGA,3
78,TGCGGAGGAC,3
79,GCGGAGGACG,3
80,CGGAGGACGA,3
81,GGAGGACGAT,3
82,GAGGACGATG,3
83,AGGACGATGC,8
84,GGACGATGCT,8
85,GACGATGCTA,7
86,ACGATGCTAG,7
87,CGATGCTAGA,7
88,GATGCTAGAA,7
89,ATGCTAGAAA,6
90,TGCTAGAAAA,6
91,GCTAGAAAAA,6
92,CTAGAAAAAA,6
93,TAGAAAAAAC,6
94,AGAAAAAACC,7
95,GAAAAAACCA,7
96,AAAAAACCAA,7
97,AAAAACCAAG,7
98,AAAACCAAGC,8
99,AAACCAAGCA,8
100,AACCAAGCAG,8
101,ACCAAGCAGT,8
102,CCAAGCAGTT,8
103,CAAGCAGTTT,8
104,AAGCAGTTTG,8
105,AGCAGTTTGT,8
106,GCAGTTTGTG,8
107,CAGTTTGTGG,8
108,AGTTTGTGGA,8
109,GTTTGTGGAG,7
110,TTTGTGGAGA,7
111,TTGTGGAGAA,8
112,TGTGGAGAAT,7
113,GTGGAGAATG,7
114,TGGAGAATGT,7
115,GGAGAATGTG,7
116,GAGAATGTGA,7
117,AGAATGTGAC,7
118,GAATGTGACT,7
119,AATGTGACTG,7
120,ATGTGACTGT,7
121,TGTGACTGTG,7
122,GTGACTGTGG,7
123,TGACTGTGGA,7
124,GACTGTGGAC,7
125,ACTGTGGACT,7
126,CTGTGGACTA,7
127,TGTGGACTAT,7
128,GTGGACTATT,7
129,TGGACTATTT,7
130,GGACTATTTA,7
131,GACTATTTAC,7
132,ACTATTTACA,7
133,CTATTTACAA,7
134,TATTTACAAA,7
135,ATTTACAAAT,2
136,TTTACAAATA,2
137,TTACAAATAA,2
138,TACAAATAAT,2
139,ACAAATAATG,2
140,CAAATAATGT,2
141,AAATAATGTT,2
142,AATAATGTTC,2
143,ATAATGTTCC,2
144,TAATGTTCCG,9
145,AATGTTCCGT,9
146,ATGTTCCGTG,9
147,TGTTCCGTGC,9
148,GTTCCGTGCC,9
149,TTCCGTGCCT,9
150,TCCGTGCCTG,9
151,CCGTGCCTGC,7
152,CGTGCCTGCC,7
153,GTGCCTGCCG,4
154,TGCCTGCCGC,4
155,GCCTGCCGCC,5
156,CCTGCCGCCT,5
157,CTGCCGCCTC,5
158,TGCCGCCTCT,5
159,GCCGCCTCTG,5
160,CCGCCTCTGG,5
161,CGCCTCTGGT,6
162,GCCTCTGGTA,5
163,CCTCTGGTAT,5
164,CTCTGGTATG,5
165,TCTGGTATGC,5
166,CTGGTATGCT,5
167,TGGTATGCTT,5
168,GGTATGCTTC,5
169,GTATGCTTCC,5
170,TATGCTTCCC,5
171,ATGCTTCCCT,5
172,TGCTTCCCTG,5
173,GCTTCCCTGC,5
174,CTTCCCTGCT,4
175,TTCCCTGCTT,4
176,TCCCTGCTTG,5
177,CCCTGCTTGA,5
178,CCTGCTTGAT,5
179,GATTGCGGAA,7
180,ATTGCGGAAA,7
181,TTGCGGAAAC,7
182,TGCGGAAACC,7
183,GCGGAAACCG,7
184,CGGAAACCGT,7
185,GGAAACCGTA,7
186,CTACAAGGCA,6
187,TACAAGGCAG,6
188,ACAAGGCAGG,6
189,CAAGGCAGGA,6
190,AAGGCAGGAC,6
191,AGGCAGGACG,6
192,GGCAGGACGA,6
193,GCAGGACGAT,5
194,CAGGACGATG,5
195,ATTTACAAAA,5
196,TTTACAAAAA,5
197,TTACAAAAAA,5
198,TACAAAAAAT,9
199,ACAAAAAATC,9
200,CAAAAAATCT,9
201,AAAAAATCTG,9
202,AAAAATCTGC,7
203,AAAATCTGCA,7
204,AAATCTGCAT,2
205,AATCTGCATA,2
206,ATCTGCATAC,2
207,TCTGCATACA,2
208,CTGCATACAA,2
209,TGCATACAAA,2
210,GCATACAAAA,2
211,CATACAAAAA,2
212,ATACAAAAAA,2
213,AAAAATCTGT,2
214,AAAATCTGTA,2
215,AAATCTGTAC,2
216,AATCTGTACA,2
217,ATCTGTACAA,2
218,TCTGTACAAA,2
219,CTGTACAAAA,2
220,TGTACAAAAA,2
221,GTACAAAAAA,2
222,AAATCTGCAC,2
223,AATCTGCACA,2
224,ATCTGCACAA,2
225,TCTGCACAAC,2
226,CTGCACAACT,2
227,TGCACAACTA,2
228,GCACAACTAA,2
229,CACAACTAAT,2
230,ACAACTAATG,2
231,CAACTAATGT,7
232,AACTAATGTT,7
233,ACTAATGTTC,7
234,CTAATGTTCC,7
235,CCGTGCCTGA,2
236,CGTGCCTGAA,2
237,GTGCCTGAAA,2
238,TGCCTGAAAT,2
239,GCCTGAAATC,2
240,CCTGAAATCT,2
241,CTGAAATCTG,2
242,TGAAATCTGC,2
243,GAAATCTGCA,2
244,AAATCTGCAA,5
245,AATCTGCAAC,5
246,ATCTGCAACT,5
247,TCTGCAACTA,5
248,CTGCAACTAA,5
249,TGCAACTAAT,5
250,GCAACTAATG,5
251,GTGCCTGCCT,3
252,TGCCTGCCTT,3
253,GCCTGCCTTA,3
254,CCTGCCTTAT,3
255,CTGCCTTATG,3
256,TGCCTTATGC,3
257,GCTTCCGCCG,3
258,CTTCCGCCGC,3
259,TTCCGCCGCT,3
260,TCCGCCGCTG,3
261,CCGCCGCTGC,3
262,CGCCGCTGCA,2
263,GCCGCTGCAC,2
264,CCGCTGCACC,2
265,CGCTGCACCC,2
266,GCTGCACCCA,5
267,CTGCACCCAA,4
268,TGCACCCAAA,4
269,GCACCCAAAT,4
270,CACCCAAATC,4
271,ACCCAAATCC,4
272,CCCAAATCCC,4
273,CCAAATCCCA,2
274,CAAATCCCAA,2
275,AAATCCCAAG,2
276,AATCCCAAGT,3
277,ATCCCAAGTT,3
278,TCCCAAGTTT,3
279,CCCAAGTTTA,3
280,CCAAGTTTAG,3
281,CAAGTTTAGG,3
282,AAGTTTAGGG,3
283,AGTTTAGGGT,3
284,GTTTAGGGTG,3
285,TTTAGGGTGG,2
286,TTAGGGTGGC,2
287,TAGGGTGGCT,2
288,AGGGTGGCTG,2
289,GGGTGGCTGC,2
290,GGTGGCTGCA,2
291,GTGGCTGCAC,2
292,TGGCTGCACC,2
293,GGCTGCACCC,2
294,CCAAATCCCT,2
295,CAAATCCCTG,2
296,AAATCCCTGC,2
297,AATCCCTGCT,2
298,ATCCCTGCTT,2
299,TCCCTGCTTC,2
300,CCCTGCTTCC,2
301,CCTGCTTCCG,2
302,CTGCTTCCGC,2
303,GCTTCCGTAA,3
304,CTTCCGTAAG,2
305,TTCCGTAAGT,2
306,TCCGTAAGTT,2
307,CCGTAAGTTT,2
308,CGTAAGTTTG,2
309,GTAAGTTTGC,2
310,TAAGTTTGCT,2
311,AAGTTTGCTT,2
312,AGTTTGCTTC,2
313,GTTTGCTTCC,2
314,TTTGCTTCCG,5
315,TTGCTTCCGC,13
316,TGCTTCCGTT,9
317,GCTTCCGTTA,2
318,CTTCCGTTAG,2
319,TTCCGTTAGG,2
320,TCCGTTAGGT,2
321,CCGTTAGGTT,2
322,CGTTAGGTTG,2
323,GTTAGGTTGC,2
324,TTAGGTTGCT,2
325,TAGGTTGCTT,2
326,AGGTTGCTTC,2
327,GGTTGCTTCC,2
328,GTTGCTTCCG,7
329,TGCTTCCGTG,5
330,GCTTCCGTGC,5
331,CTTCCGTGCT,5
332,TTCCGTGCTT,4
333,TCCGTGCTTC,4
334,CCGTGCTTCC,4
335,CGTGCTTCCG,4
336,GTGCTTCCGT,2
337,GTGCTTCCGC,4
338,TGCTTCCGTC,3
339,GCTTCCGTCC,3
340,CTTCCGTCCT,2
341,TTCCGTCCTT,2
342,TCCGTCCTTT,2
343,CCGTCCTTTG,2
344,CGTCCTTTGC,2
345,GTCCTTTGCT,2
346,TCCTTTGCTT,2
347,CCTTTGCTTC,2
348,CTTTGCTTCC,3
349,GCTTCCGTAT,2
350,CTTCCGTATG,2
351,TTCCGTATGC,2
352,TCCGTATGCT,2
353,CCGTATGCTT,2
354,CGTATGCTTG,2
355,GTATGCTTGC,2
356,TATGCTTGCT,2
357,ATGCTTGCTT,2
358,TGCTTGCTTC,2
359,GCTTGCTTCC,2
360,CTTGCTTCCG,2
361,GCTTCCGTTC,2
362,CTTCCGTTCC,2
363,TTCCGTTCCG,2
364,TCCGTTCCGT,2
365,CCGTTCCGTG,2
366,CGTTCCGTGT,2
367,GTTCCGTGTG,2
368,TTCCGTGTGT,2
369,TCCGTGTGTG,2
370,CCGTGTGTGC,2
371,CGTGTGTGCT,2
372,GTGTGTGCTT,2
373,TGTGTGCTTC,2
374,GTGTGCTTCC,2
375,TGTGCTTCCG,2
376,GCTTCCGTTG,5
377,CTTCCGTTGC,5
378,TTCCGTTGCT,5
379,TCCGTTGCTT,5
380,CCGTTGCTTC,5
381,CGTTGCTTCC,5
382,TTCCGTGCTG,1
383,TCCGTGCTGC,1
384,CCGTGCTGCA,1
385,CGTGCTGCAC,1
386,GTGCTGCACC,1
387,TGCTGCACCC,1
388,CTGCACCCAT,1
389,TGCACCCATG,1
390,GCACCCATGC,1
391,CACCCATGCT,1
392,ACCCATGCTT,1
393,CCCATGCTTT,1
394,CCATGCTTTG,1
395,CATGCTTTGC,1
396,ATGCTTTGCT,1
397,TGCTTTGCTT,1
398,GCTTTGCTTC,1
399,CTTCCGTCCG,1
400,TTCCGTCCGC,1
401,TCCGTCCGCC,1
402,CCGTCCGCCT,1
403,CGTCCGCCTT,1
404,GTCCGCCTTA,1
405,TTGCTTCCGT,1
406,CTTCCGTAAT,1
407,TTCCGTAATC,1
408,TCCGTAATCC,1
409,CCGTAATCCC,1
410,CGTAATCCCA,1
411,GTAATCCCAA,1
412,TAATCCCAAG,1
413,TTTAGGGTGA,1
414,TTAGGGTGAG,1
415,TAGGGTGAGA,1
416,AGGGTGAGAA,1
417,GGGTGAGAAA,1
418,GGTGAGAAAC,1
419,GTGAGAAACC,1
420,TGAGAAACCG,1
421,GAGAAACCGT,1
422,CTTCCCTGCG,1
423,TTCCCTGCGC,1
424,TCCCTGCGCC,1
425,CCCTGCGCCT,1
426,CCTGCGCCTC,1
427,CTGCGCCTCT,1
428,TGCGCCTCTG,1
429,GCGCCTCTGG,1
430,CGGAATACAT,1
431,GGAATACATG,1
432,GAATACATGA,1
433,AATACATGAT,1
434,ATACATGATT,1
435,TACATGATTG,1
436,ACATGATTGC,1
437,CATGATTGCG,1
438,TGATTGCGGT,1
439,GATTGCGGTC,1
440,ATTGCGGTCC,1
441,TTGCGGTCCC,1
442,TGCGGTCCCT,1
443,GCGGTCCCTG,1
444,CGGTCCCTGC,1
445,GGTCCCTGCT,1
446,GTCCCTGCTT,1
447,TGATTGCGGG,1
448,GATTGCGGGC,1
449,ATTGCGGGCC,1
450,TTGCGGGCCT,1
451,TGCGGGCCTG,1
452,GCGGGCCTGC,1
453,CGGGCCTGCC,1
454,GGGCCTGCCG,1
455,GGCCTGCCGC,1
456,CGCCGCTGCT,1
457,GCCGCTGCTG,1
458,CCGCTGCTGC,1
459,CGCTGCTGCT,1
460,GCTGCTGCTT,1
461,CTGCTGCTTA,1
462,TGCTGCTTAA,1
463,GCTGCTTAAG,1
464,CTGCTTAAGG,1
465,TGCTTAAGGA,1
466,GCTTAAGGAG,1
467,CTTAAGGAGT,1
468,TTAAGGAGTG,1
469,TAAGGAGTGC,1
470,AAGGAGTGCT,1
471,AGGAGTGCTT,1
472,GGAGTGCTTT,1
473,GAGTGCTTTG,1
474,AGTGCTTTGA,1
475,GTGCTTTGAT,1
476,TGCTTTGATG,2
477,GCTTTGATGA,2
478,CTTTGATGAT,2
479,TTTGATGATT,2
480,GATTGCGGAT,1
481,ATTGCGGATT,1
482,TTGCGGATTG,1
483,TGCGGATTGA,1
484,GCGGATTGAT,1
485,CGGATTGATG,1
486,GGATTGATGA,1
487,GATTGATGAT,1
488,ATTGATGATT,2
489,TGATGATTGA,1
490,GATGATTGAA,1
491,ATGATTGAAC,1
492,TGATTGAACC,1
493,GATTGAACCG,1
494,ATTGAACCGT,1
495,TTGAACCGTA,1
496,TGAACCGTAA,1
497,GAACCGTAAC,1
498,GTAACCCTAA,1
499,TAACCCTAAA,1
500,AACCCTAAAT,1
501,ACCCTAAATG,1
502,CCCTAAATGG,1
503,CCTAAATGGA,1
504,CTAAATGGAT,1
505,TAAATGGATG,1
506,AAATGGATGC,1
507,AATGGATGCG,2
508,ATGGATGCGT,1
509,TGGATGCGTG,1
510,GGATGCGTGT,1
511,GATGCGTGTT,1
512,ATGCGTGTTA,1
513,TGCGTGTTAG,1
514,GCGTGTTAGA,1
515,CGTGTTAGAA,1
516,GTGTTAGAAA,1
517,TGTTAGAAAA,1
518,GTTAGAAAAA,1
519,TTAGAAAAAT,1
520,TAGAAAAATT,1
521,AGAAAAATTG,1
522,GAAAAATTGT,1
523,AAAAATTGTG,1
524,AAAATTGTGG,1
525,AAATTGTGGA,1
526,AATTGTGGAG,1
527,ATTGTGGAGA,1
528,TGTGGAGAAG,1
529,GTGGAGAAGG,1
530,TGGAGAAGGA,1
531,GGAGAAGGAG,1
532,GAGAAGGAGA,1
533,AGAAGGAGAA,1
534,GAAGGAGAAT,1
535,AAGGAGAATG,1
536,AGGAGAATGG,1
537,GGAGAATGGA,1
538,GAGAATGGAT,1
539,AGAATGGATG,1
540,GAATGGATGC,1
541,ATGGATGCGA,1
542,TGGATGCGAA,1
543,GGATGCGAAG,1
544,GATGCGAAGC,1
545,ATGCGAAGCT,1
546,TGCGAAGCTT,1
547,GCGAAGCTTG,1
548,CGAAGCTTGA,1
549,GAAGCTTGAT,1
550,AAGCTTGATG,1
551,AGCTTGATGA,1
552,GCTTGATGAG,1
553,CTTGATGAGA,1
554,TTGATGAGAT,1
555,TGATGAGATT,1
556,GATGAGATTG,1
557,ATGAGATTGC,1
558,TGAGATTGCG,1
559,GAGATTGCGG,1
560,AGATTGCGGA,1
561,AACCGTAACA,1
562,ACCGTAACAA,1
563,CCGTAACAAA,1
564,CGTAACAAAA,1
565,GTAACAAAAC,1
566,TAACAAAACC,1
567,AACAAAACCA,1
568,ACAAAACCAA,1
569,CAAAACCAAG,1
570,GTTTGTGGAA,1
571,TTTGTGGAAA,1
572,TTGTGGAAAT,1
573,TGTGGAAATT,1
574,GTGGAAATTA,1
575,TGGAAATTAT,1
576,GGAAATTATG,1
577,GAAATTATGC,1
578,ATGCTAGAAT,1
579,TGCTAGAATT,1
580,GCTAGAATTG,1
581,CTAGAATTGA,1
582,TAGAATTGAT,1
583,AGAATTGATG,1
584,GAATTGATGA,1
585,AATTGATGAT,1
586,GACGATGCTT,1
587,ACGATGCTTT,1
588,CGATGCTTTG,1
589,GATGCTTTGA,1
590,ATGCTTTGAT,1
591,GCAGGACGAA,1
592,CAGGACGAAG,1
593,AGGACGAAGA,1
594,GGACGAAGAA,1
595,GACGAAGAAA,1
596,ACGAAGAAAA,1
597,CGAAGAAAAA,1
598,GAAGAAAAAA,1
599,AAGAAAAAAC,1
